C00013422, PMK1 
C00013424, PMK3
C00013425, PMK4
C00013426, PMK4
C00013427, PMK5
C00013428, PMK5
C00013429, PMK6
C00013430, PMK7
C00013432, PMK9
C00013433, PMK10
C00013434, PMK11
C00013435, PMK12
C00013436, PMK13
C00013437, PMK13
C00013438, PMK14
C00013439, PMK15
C00013440, PMK16
C00013441, PMK17
C00013442, PMK18
C00013443, PMK19
C00013444, PMK20
C00013447, PMK21
C00013448, PMK21
C00013449, PMK21
C00013450, PMK21
C00013451, PMK21
C00013452, PMK22
C00013453, PMK23
C00013454, PMK24
C00013455, PMK25
C00013456, PMK26
C00013457, PMK26
C00013458, H30